{"cameraMode":{"drawMode":0,"name":"Shaded","section":"Shading Mode"},"sceneLighting":true,"audioPlay":false,"sceneViewState":{"m_AlwaysRefresh":false,"showFog":true,"showSkybox":true,"showFlares":true,"showImageEffects":true,"showParticleSystems":true,"showVisualEffectGraphs":true,"m_FxEnabled":true},"in2DMode":false,"pivot":{"x":-0.9242559671401978,"y":1.588418960571289,"z":1.4723645448684693},"rotation":{"x":0.09939107298851013,"y":0.1883775293827057,"z":-0.01918518915772438,"w":0.9768773317337036},"size":4.414010524749756,"orthographic":true}