{"cameraMode":{"drawMode":0,"name":"Shaded","section":"Shading Mode"},"sceneLighting":false,"audioPlay":false,"sceneViewState":{"m_AlwaysRefresh":false,"showFog":true,"showSkybox":false,"showFlares":true,"showImageEffects":true,"showParticleSystems":true,"showVisualEffectGraphs":true,"m_FxEnabled":true},"in2DMode":false,"pivot":{"x":3394.679931640625,"y":-1482.038330078125,"z":4058.212158203125},"rotation":{"x":0.37961122393608096,"y":0.009713985957205296,"z":-0.003985914867371321,"w":0.9250869154930115},"size":3531.770263671875,"orthographic":false}